UID,PROFILE_GENDER,PROFILE_REGISTERED,AGE
7904,M,2018-11-11 14:51:45,27
4456,M,2018-11-10 20:32:04,28
5801,M,2018-11-10 23:56:36,34
2724,M,2018-11-11 12:08:59,23
6532,M,2018-11-11 02:35:24,24
11901,F,2018-11-11 01:14:44,31
9927,M,2018-11-10 15:21:46,29
13259,F,2018-11-10 20:44:29,41
6056,F,2018-11-11 15:50:50,39
4360,M,2018-11-10 01:16:31,34
7887,F,2018-11-10 18:35:31,34
10913,F,2018-11-11 22:20:25,33
500,M,2018-11-10 12:20:48,36
6632,F,2018-11-10 00:46:05,29
8726,F,2018-11-10 14:08:58,32
2867,M,2018-11-10 03:18:10,30
46,F,2018-11-10 22:22:56,37
12632,M,2018-11-11 22:37:29,28
8281,F,2018-11-10 09:39:06,76
5398,M,2018-11-11 17:10:46,36
822,M,2018-11-11 21:20:25,28
10113,F,2018-11-10 21:30:29,33
3451,F,2018-11-11 15:09:37,43
7934,M,2018-11-10 14:12:13,43
7718,F,2018-11-11 21:51:31,34
508,M,2018-11-11 21:08:30,26
9163,M,2018-11-11 12:20:20,29
2256,M,2018-11-10 19:27:47,32
84,F,2018-11-11 14:14:46,32
8634,F,2018-11-11 22:55:22,37
8838,M,2018-11-10 12:31:21,50
5421,F,2018-11-10 22:17:53,34
9866,F,2018-11-11 23:04:33,27
2178,M,2018-11-10 16:00:02,28
10185,F,2018-11-11 20:14:17,29
3216,M,2018-11-11 01:52:36,30
5321,M,2018-11-11 10:55:46,51
4307,F,2018-11-11 21:33:58,29
1650,M,2018-11-11 11:44:51,47
1687,M,2018-11-10 15:06:23,44
5066,F,2018-11-10 20:37:19,64
279,M,2018-11-10 07:24:27,56
12331,F,2018-11-11 18:56:41,41
4397,F,2018-11-10 20:59:26,26
5834,M,2018-11-11 17:44:55,41
4308,F,2018-11-10 23:17:49,31
11446,M,2018-11-10 15:56:13,31
5640,F,2018-11-10 19:14:38,51
5795,F,2018-11-11 19:20:19,35
12121,M,2018-11-11 17:40:59,32
9014,F,2018-11-10 23:17:26,31
8836,M,2018-11-11 10:51:35,34
10916,F,2018-11-11 14:38:45,27
2454,M,2018-11-11 16:55:44,39
10828,M,2018-11-11 23:09:45,28
6678,M,2018-11-11 00:01:54,26
7820,M,2018-11-10 20:34:37,29
1418,F,2018-11-10 01:22:40,38
7191,M,2018-11-11 11:33:38,30
12403,F,2018-11-11 20:41:43,29
4685,M,2018-11-11 16:01:32,31
12011,F,2018-11-11 22:56:05,31
8086,M,2018-11-11 16:47:32,33
2360,M,2018-11-11 20:59:53,32
955,F,2018-11-10 21:18:34,27
7194,M,2018-11-10 19:38:44,56
6128,M,2018-11-11 00:27:08,26
5052,M,2018-11-11 15:53:12,43
3386,F,2018-11-11 21:08:19,26
13247,M,2018-11-10 03:03:47,31
8384,M,2018-11-11 22:11:42,51
8224,M,2018-11-11 20:55:19,32
10106,M,2018-11-10 15:54:47,71
7282,M,2018-11-10 12:22:44,43
10816,M,2018-11-11 17:53:54,35
4901,M,2018-11-10 18:47:29,28
1344,M,2018-11-10 23:58:03,31
4490,M,2018-11-11 18:37:40,27
7121,M,2018-11-11 18:34:27,37
353,F,2018-11-11 20:27:40,31
1134,M,2018-11-10 21:43:42,28
12042,F,2018-11-10 08:47:52,41
2234,M,2018-11-11 16:37:31,55
12847,M,2018-11-11 20:51:45,30
4246,F,2018-11-10 01:59:31,39
138,M,2018-11-11 17:28:55,31
9190,F,2018-11-11 21:36:31,35
8875,M,2018-11-10 21:39:04,29
4179,F,2018-11-10 08:53:43,40
8128,F,2018-11-10 23:13:28,41
12182,M,2018-11-10 01:12:51,32
2509,M,2018-11-11 13:34:27,27
11153,M,2018-11-11 23:03:21,32
12339,F,2018-11-11 15:26:17,48
10022,F,2018-11-10 21:16:24,58
8194,F,2018-11-11 14:17:44,30
2532,F,2018-11-10 21:43:11,27
1404,M,2018-11-10 18:34:09,34
3436,F,2018-11-11 03:39:46,58
5454,M,2018-11-10 16:07:52,36
